0,Tokyo,37977000
1,Jakarta,34540000
2,Delhi,29617000
3,Mumbai,23355000
4,Manila,23088000
5,Shanghai,22120000
6,São Paulo,22046000
7,Seoul,21794000
8,Mexico City,20996000
9,Guangzhou,20902000
10,Beijing,19433000
11,Cairo,19372000
12,New York,18713220
13,Kolkāta,17560000
14,Moscow,17125000
15,Bangkok,17066000
16,Buenos Aires,16157000
17,Shenzhen,15929000
18,Dhaka,15443000
19,Lagos,15279000
20,Istanbul,15154000
21,Ōsaka,14977000
22,Karachi,14835000
23,Bangalore,13707000
24,Tehran,13633000
25,Kinshasa,13528000
26,Ho Chi Minh City,13312000
27,Los Angeles,12750807
28,Rio de Janeiro,12272000
29,Nanyang,12010000
30,Chennai,11324000
31,Chengdu,11309000
32,Lahore,11021000
33,Paris,11020000
34,London,10979000
35,Linyi,10820000
36,Tianjin,10800000
37,Shijiazhuang,10784600
38,Baoding,10700000
39,Zhoukou,9901000
40,Lima,9848000
41,Hyderābād,9746000
42,Bogotá,9464000
43,Weifang,9373000
44,Nagoya,9113000
45,Wuhan,8962000
46,Heze,8750000
47,Ganzhou,8677600
48,Tongshan,8669000
49,Chicago,8604203
50,Handan,8499000
51,Luanda,8417000
52,Fuyang,8360000
53,Kuala Lumpur,8285000
54,Jining,8023000
55,Dongguan,7981000
56,Hanoi,7785000
57,Pune,7764000
58,Chongqing,7739000
59,Changchun,7674439
60,Zhumadian,7640000
61,Ningbo,7639000
62,Onitsha,7635000
63,Nanjing,7496000
64,Hefei,7457027
65,Ahmadābād,7410000
66,Hong Kong,7347000
67,Khartoum,7282000
68,Nantong,7282835
69,Yancheng,7260240
70,Foshan,7194311
71,Nanning,7153300
72,Hengyang,7148344
73,Xi’an,7135000
74,Shenyang,7105000
75,Tangshan,7100000
76,Shaoyang,7071000
77,Changsha,7044118
78,Santiago,7007000
79,Zhengzhou,7005000
80,Zhanjiang,6900000
81,Riyadh,6881000
82,Cangzhou,6800000
83,Dar es Salaam,6698000
84,Maoming,6706000
85,Huanggang,6667000
86,Xinyang,6634000
87,Shangrao,6579714
88,Luoyang,6549941
89,Bijie,6537498
90,Yantai,6516900
91,Quanzhou,6480000
92,Hangzhou,6446000
93,Miami,6445545
94,Kunming,6250000
95,Nanchong,6183000
96,Zunyi,6127009
97,Lu’an,6090000
98,Yichun,6048700
99,Taizhou,5968838
100,Liaocheng,5955300
101,Qujing,5855055
102,Xiangyang,5844000
103,Sūrat,5807000
104,Baghdad,5796000
105,Qingdao,5775000
106,Singapore,5745000
107,Dallas,5743938
108,Changde,5717200
109,Dazhou,5693000
110,Suzhou,5690000
111,Philadelphia,5649300
112,Jieyang,5634000
113,Nairobi,5545000
114,Nangandao,5516000
115,Ankara,5503985
116,Tai’an,5499000
117,Yulin,5487368
118,Dezhou,5470000
119,Houston,5464251
120,Atlanta,5449398
121,Rangoon,5430000
122,Toronto,5429524
123,Suihua,5420000
124,Washington,5379184
125,Qiqihar,5367003
126,Jinhua,5361572
127,Saint Petersburg,5351935
128,Shantou,5319028
129,Sydney,5312163
130,Weinan,5300000
131,Suqian,5290000
132,Guadalajara,5253000
133,Suzhou,5250000
134,Fuzhou,5245000
135,Zhaotong,5213521
136,Pudong,5187200
137,Yongzhou,5180235
138,Belo Horizonte,5159000
139,Zhangzhou,5140000
140,Bozhou,5100000
141,Melbourne,5078193
142,Nanchang,5042565
143,Xianyang,5040000
144,Taizhou,5031000
145,Surabaya,4975000
146,Abidjan,4980000
147,Ji’an,4956600
148,Mianyang,4945000
149,Shaoxing,4912239
150,Alexandria,4870000
151,Yuncheng,4860000
152,Pingdingshan,4838000
153,Huai’an,4799889
154,Xinpu,4790000
155,Guilin,4747963
156,Huaihua,4741948
157,Jiujiang,4728778
158,Anqing,4723000
159,Boston,4688346
160,Huanglongsi,4676159
161,Xiaoganzhan,4665000
162,Changzhou,4592431
163,Barcelona,4588000
164,Chenzhou,4581778
165,Wuxi,4580000
166,Zibo,4530597
167,Jiaxing,4501657
168,Dalian,4480000
169,Harbin,4458000
170,Yangzhou,4459000
171,Yibin,4456000
172,Jiangmen,4448871
173,Johannesburg,4434827
174,Meizhou,4378800
175,Chifeng,4376600
176,Casablanca,4370000
177,Guiyang,4365000
178,Langfang,4358839
179,Zhangjiakou,4345491
180,İzmir,4320519
181,Linfen,4316610
182,Wenzhou,4310000
183,Monterrey,4295000
184,Luzhou,4291000
185,Jiangguanchi,4289000
186,Neijiang,4238000
187,Phoenix,4219697
188,Yanjiang,4217000
189,Yiyang,4174000
190,Zhaoqing,4151700
191,Hengshui,4150000
192,Guigang,4118808
193,Xiaoxita,4115000
194,Xiamen,4110000
195,Chuzhou,4110000
196,Fuzhou,4047200
197,Amman,4007526
198,Jeddah,3976000
199,Sialkot City,3893672
200,Huizhou,3875000
201,Qingyuan,3874000
202,Zhuzhou,3855609
203,Wuhu,3842100
204,Hechi,3830000
205,Seattle,3789215
206,Loudi,3785627
207,Binzhou,3779200
208,Liuzhou,3758704
209,Yokohama,3748781
210,Baojishi,3738700
211,Guang’an,3723000
212,Hanzhong,3700000
213,Kabul,3678034
214,Zaozhuang,3650000
215,Berlin,3644826
216,Anshan,3645884
217,Deyang,3636000
218,Lanzhou,3616163
219,Chengde,3610000
220,San Francisco,3592294
221,Puyang,3580000
222,Suining,3556000
223,Jiaozuo,3540101
224,Bengbu,3525000
225,Montréal,3519595
226,Detroit,3506126
227,Baicheng,3466758
228,Busan,3440484
229,Algiers,3415811
230,Qincheng,3400000
231,Taiyuan,3398000
232,Lucknow,3382000
233,Chaoyang,3370000
234,Hechi,3369251
235,Leshan,3364000
236,Yulinshi,3328000
237,Siping,3300000
238,Madrid,3266126
239,Jinan,3250000
240,Shiyan,3228000
241,Changzhi,3230000
242,San Diego,3220118
243,Faisalabad,3203846
244,Santa Cruz,3151676
245,Bazhou,3134000
246,Zhongshan,3121275
247,Zhenjiang,3113384
248,Ürümqi,3112559
249,Tongliao,3094600
250,Heyuan,3093900
251,Tongren,3093204
252,Qinzhou,3079721
253,Jaipur,3073350
254,Xinzhou,3067501
255,Addis Ababa,3041002
256,Giza,3021542
257,Meishan,3020000
258,Brasília,3015268
259,Mashhad,3001184
260,Jinzhou,3000000
261,Tieling,3000000
262,Shaoguan,2997600
263,Shanwei,2990000
264,Minneapolis,2977172
265,Kyiv,2967000
266,Sanaa,2957000
267,Quezon City,2936116
268,Dingxi,2930000
269,Salvador,2921087
270,Incheon,2913024
271,Bursa,2901396
272,Ningde,2910000
273,Tampa,2908063
274,Daqing,2904532
275,Birmingham,2897303
276,Putian,2900000
277,Huzhou,2893542
278,Wuzhou,2882200
279,Denver,2876625
280,Rome,2872800
281,La Paz,2867504
282,Pyongyang,2863000
283,Kano,2828861
284,Taichung,2803894
285,Omdurman,2805396
286,Zigong,2800000
287,Qinhuangdao,2800000
288,Mudanjiang,2790000
289,Huludao,2787000
290,Kaohsiung,2773533
291,Xiangtan,2748552
292,Guayaquil,2723665
293,Rizhao,2720000
294,Manchester,2705000
295,Cawnpore,2701324
296,Baotou,2700000
297,Taipei,2684567
298,Nanping,2690000
299,Longyan,2640000
300,Ibadan,2628000
301,Hohhot,2635000
302,Chaozhou,2620000
303,Antananarivo,2610000
304,Longba,2614000
305,Weihai,2596753
306,Chattogram,2581643
307,Santo Domingo,2581827
308,Xuanzhou,2580000
309,Sanming,2580000
310,Brooklyn,2559903
311,Medellín,2529403
312,Brisbane,2514184
313,Baoshan,2506491
314,Dubai,2502715
315,Luohe,2500000
316,Qinbaling,2500000
317,Mirzāpur,2496970
318,Guangyuan,2484122
319,Cali,2471474
320,Daegu,2461002
321,Fortaleza,2452185
322,Guatemala City,2450212
323,Yaoundé,2440462
324,Douala,2446945
325,Jilin,2396000
326,Lianshan,2426000
327,Lincang,2429497
328,Antalya,2426356
329,Tashkent,2424100
330,Huangshi,2419000
331,Bandung,2394873
332,Nāgpur,2405665
333,Dandong,2400000
334,Huainan,2409000
335,Shangzhou,2400000
336,Bekasi,2381053
337,Ghāziābād,2381452
338,Tijuana,2384609
339,Jiamusi,2360000
340,Yangjiang,2357000
341,Accra,2291352
342,Yuxi,2303518
343,Fushun,2300000
344,Anshun,2297612
345,Vancouver,2264823
346,Tangerang,2237006
347,Konya,2232374
348,Queens,2230722
349,Yingkou,2220000
350,Adana,2220125
351,Medan,2210625
352,Sanmenxia,2213000
353,Indore,2201927
354,Ma’anshan,2202899
355,Pingliang,2190000
356,Quzhou,2185000
357,Baku,2181800
358,Gaoping,2174000
359,Huaibei,2158000
360,Xining,2154000
361,Yan’an,2150000
362,Havana,2141652
363,Phnom Penh,2129371
364,Fukuoka,2128000
365,Mogadishu,2120000
366,Jincheng,2120000
367,Lishui,2116957
368,Qingyang,2111000
369,Riverside,2107852
370,Baltimore,2106068
371,Haiphong,2103500
372,Las Vegas,2104198
373,Laibin,2099711
374,Rawalpindi,2098231
375,Kumasi,2069350
376,Portland,2074775
377,Vadodara,2065771
378,Perth,2059484
379,Puning,2055552
380,San Antonio,2049293
381,Haikou,2046189
382,Vishākhapatnam,2035922
383,Gaziantep,2028563
384,Minsk,2020600
385,St. Louis,2024074
386,Bamako,2009109
387,Quito,2011388
388,Pingxiang,2001027
389,Chongzuo,1994285
390,Şanlıurfa,1985753
391,Kananga,1971704
392,Peshawar,1970042
393,Sapporo,1958756
394,Jixi,1950000
395,Caracas,1943901
396,Fuxin,1930000
397,Leeds,1901934
398,Sacramento,1898019
399,Blantyre,1895973
400,Tainan,1883831
401,Bucharest,1883425
402,Wuwei,1890000
403,Bhopāl,1883381
404,Curitiba,1879355
405,Xiping,1873000
406,Asunción,1870000
407,Saidu Sharif,1860310
408,Vienna,1840573
409,Aleppo,1834093
410,Hamburg,1841179
411,Meru,1833000
412,Brazzaville,1827000
413,Orlando,1822394
414,Mersin,1814468
415,Almaty,1806833
416,Barranquilla,1798000
417,Kyōto,1805000
418,Manaus,1802014
419,Liaoyang,1800000
420,Baiyin,1799000
421,San Jose,1798103
422,Warsaw,1790658
423,Shengli,1790000
424,Lubumbashi,1786397
425,Damascus,1754000
426,Shuyangzha,1770000
427,Shangqiu,1753000
428,Eşfahān,1756126
429,Budapest,1752286
430,Heihe,1750000
431,Lusaka,1742979
432,Diyarbakır,1732396
433,Chinchvad,1729320
434,Shuozhou,1714857
435,Vitória,1704000
436,Cleveland,1710093
437,Pittsburgh,1703266
438,Mecca,1700000
439,Patna,1684222
440,Mosul,1694000
441,Austin,1687311
442,Sanzhou,1680000
443,Conakry,1667864
444,Kampala,1659600
445,Ecatepec,1656107
446,Cincinnati,1662691
447,Makassar,1651146
448,Yushan,1651200
449,Ludhiāna,1649000
450,Newcastle,1650000
451,Depok,1631951
452,Zhongli,1632616
453,Kansas City,1636715
454,Rabat,1628000
455,Ouagadougou,1626950
456,Davao,1632991
457,Manhattan,1628706
458,Semarang,1621384
459,Yinchuan,1616000
460,Multan,1606481
461,Caloocan City,1583978
462,Harare,1606000
463,Novosibirsk,1602915
464,Chengtangcun,1603659
465,Āgra,1585705
466,Karaj,1592492
467,Indianapolis,1588961
468,Jingdezhen,1587477
469,Puebla,1576259
470,Kalyān,1576614
471,Madurai,1561129
472,Gujranwala,1569090
473,Benxi,1567000
474,Jamshedpur,1558000
475,Zhuhai,1562000
476,Recife,1555039
477,Columbus,1562009
478,Tabrīz,1558693
479,Santiago,1550753
480,Maracaibo,1551539
481,Beihai,1539251
482,Shuangyashan,1530000
483,Kōbe,1522944
484,Charlotte,1512923
485,Yucheng,1512000
486,Changshu,1510100
487,Ximeicun,1508000
488,Jianguang,1507402
489,Gwangju,1501557
490,Xushan,1502000
491,Guiping,1496904
492,Nāsik,1486053
493,Porto Alegre,1484941
494,Zhangjiajie,1486000
495,Valencia,1484430
496,Virginia Beach,1478868
497,Daejeon,1475221
498,Munich,1471508
499,Yekaterinburg,1468833
500,Auckland,1467800
501,Yunfu,1470000
502,Huangshan,1470000
503,Huazhou,1468061
504,Shīrāz,1460665
505,León de los Aldama,1454793
506,Pizhou,1458038
507,Palembang,1452456
508,Kharkiv,1446107
509,Kawanakajima,1437266
510,Lianjiang,1443099
511,Chizhou,1430000
512,Leizhou,1427664
513,Guyuan,1426000
514,Rui’an,1424667
515,Birstall,1424216
516,Muscat,1421409
517,Hebi,1419000
518,Jingling,1418913
519,Bronx,1418207
520,The Hague,1406000
521,Owerri,1401873
522,Sharjah,1400000
523,Farīdābād,1394000
524,Ulaanbaatar,1396288
525,Goiânia,1393575
526,Belém,1393399
527,Kayseri,1389680
528,Yueqing,1389332
529,Belgrade,1378682
530,Pingdu,1378900
531,Aurangābād,1371330
532,Yutan,1368117
533,Wenling,1366794
534,Islamabad,1365000
535,Milwaukee,1365787
536,Milan,1351562
537,Sofia,1355142
538,Adelaide,1345777
539,Samsun,1335716
540,Rājkot,1335397
541,Khulna,1311100
542,Córdoba,1329604
543,Guarulhos,1324781
544,Juárez,1321004
545,Prague,1324277
546,Montevideo,1319108
547,Mbuji-Mayi,1295000
548,Fuqing,1316000
549,Xintai,1315942
550,Doha,1312947
551,Saitama,1307931
552,Hiroshima,1306589
553,Meerut,1305429
554,Yushu,1304436
555,Rongcheng,1302891
556,Yangquan,1300000
557,Haicheng,1293877
558,Gaozhou,1288665
559,Yingtan,1288615
560,Huaiyin,1264000
561,Wuzhong,1284000
562,Jabalpur,1267564
563,Thāne,1261517
564,Zhangye,1270000
565,Rucheng,1267066
566,Nizhniy Novgorod,1264075
567,Comayagüela,1250000
568,Yangshe,1253100
569,Shaoyang,1253548
570,Dhanbād,1246000
571,Yichun,1250000
572,Laiwu,1248636
573,Kazan,1243500
574,Dayan,1244769
575,Suwon,1234300
576,Jiangyin,1241045
577,Yongcheng,1240382
578,Calgary,1239220
579,Cần Thơ,1237300
580,Abuja,1235880
581,Yiwu,1234015
582,Mandalay,1225546
583,Beidao,1225000
584,Al Başrah,1225793
585,Shuangshui,1221000
586,Sevilla,1212045
587,Vila Velha,1209091
588,Allahābād,1201000
589,Vārānasi,1198491
590,Tunis,1200000
591,Chelyabinsk,1202371
592,Mombasa,1200000
593,Providence,1203230
594,Qom,1201158
595,Maiduguri,1197497
596,Maputo,1191613
597,Rosario,1193605
598,Benin City,1190000
599,Xinyu,1186700
600,Ahvāz,1184788
601,Dublin,1173179
602,Jacksonville,1181496
603,Medina,1180770
604,Srīnagar,1180570
605,Omsk,1178391
606,Huazhou,1178809
607,Cilacap,1174964
608,Xiantao,1175085
609,Bandar Lampung,1166761
610,Samara,1169719
611,Guankou,1168056
612,Ulsan,1166033
613,Dingzhou,1165182
614,Campinas,1164098
615,Lianyuan,1162928
616,Rongcheng,1162770
617,Kaiyuan,1160000
618,Nay Pyi Taw,1160242
619,Dakar,1146053
620,Zhuji,1157938
621,Zapopan,1155790
622,Leiyang,1151554
623,Dadukou,1144000
624,Quetta,1140000
625,Amritsar,1132383
626,Callao,1129854
627,Alīgarh,1131160
628,Yingchuan,1131896
629,Tegucigalpa,1126534
630,Ciudad Nezahualcóyotl,1109363
631,Tripoli,1126000
632,Rostov,1125299
633,Nezahualcóyotl,1110565
634,Bhiwandi,1125898
635,Zhoushan,1121261
636,Tbilisi,1118035
637,Ufa,1115560
638,Fès,1112072
639,Biên Hòa,1104000
640,Mexicali,1102342
641,Gwalior,1101981
642,Ankang,1100000
643,Ikare,1099931
644,Hegang,1100000
645,Salt Lake City,1098526
646,Bhilai,1097000
647,Yuyao,1095000
648,N’Djamena,1092066
649,Hanchuan,1092700
650,Gongzhuling,1092692
651,Copenhagen,1085000
652,Irbid,1088100
653,Hāora,1077075
654,Cologne,1085664
655,Krasnoyarsk,1083865
656,Yicheng,1082929
657,Mizhou,1081960
658,Nashville,1081903
659,Yerevan,1075800
660,Rānchi,1073440
661,Nur-Sultan,1078362
662,Nouakchott,1077169
663,Vereeniging,1074000
664,Richmond,1075798
665,São Luís,1073893
666,San Pedro Sula,1073824
667,Taixing,1073921
668,Memphis,1066967
669,Goyang,1061929
670,Bezwāda,1048240
671,Edmonton,1062643
672,Xishan,1060000
673,Barquisimeto,1059092
674,Sendai,1058070
675,Voronezh,1047549
676,Perm,1048005
677,Changwon,1046054
678,Zhongwei,1046000
679,Shouguang,1039205
680,Bogor,1030720
681,Raleigh,1038738
682,Cartagena,1036412
683,Chandīgarh,1026459
684,Bishkek,1027200
685,Amsterdam,1031000
686,Matola,1032197
687,Ogbomoso,1032000
688,Ashgabat,1031992
689,E’zhou,1031000
690,Maceió,1029129
691,Niamey,1026848
692,Managua,1028808
693,Patam,1029808
694,Tekirdağ,1029927
695,Linhai,1028813
696,Shubrā al Khaymah,1025569
697,Monrovia,1021762
698,Wafangdian,1024876
699,Zhongxiang,1022514
700,Shymkent,1018974
701,New Orleans,1020886
702,Volgograd,1015586
703,Port-au-Prince,987310
704,Mysore,1014227
705,Odesa,1010783
706,Kathmandu,975453
707,Raipur,1010087
708,Nice,1006402
709,Arequipa,1008290
710,Port Harcourt,1005904
711,Rotterdam,1005000
712,Louisville,1005654
713,Zaoyang,1004741
714,Shuizhai,1003698
715,Kota,1001694
716,Abu Dhabi,1000000
717,Stockholm,972647
718,Ottawa,989567
719,Asmara,963000
720,Freetown,951000
721,Jerusalem,919438
722,Panama City,880691
723,Lomé,837437
724,Libreville,797003
725,Zagreb,790017
726,Dushanbe,780000
727,Lilongwe,781538
728,Cotonou,762000
729,Vientiane,760000
730,Colombo,752993
731,Kigali,745261
732,Pretoria,741651
733,Bangui,734350
734,Winnipeg,705244
735,Quebec City,705103
736,Riga,698529
737,Oslo,693494
738,Chisinau,685900
739,Athens,664046
740,Bujumbura,658859
741,Helsinki,642045
742,Skopje,640000
743,Kuwait City,637411
744,Kingston,580000
745,Vilnius,574147
746,San Salvador,567698
747,Djibouti,562000
748,Lisbon,506654
749,Kitchener,470015
750,Tallinn,434562
751,Cape Town,433688
752,Bratislava,429564
753,Tirana,418495
754,Canberra,426704
755,Wellington,418500
756,Beirut,361366
757,Dodoma,410956
758,Halifax,403131
759,Bissau,395954
760,Juba,372410
761,Port Moresby,364125
762,Yamoussoukro,355573
763,Victoria,335696
764,Maseru,330790
765,Nicosia,330000
766,Windhoek,322500
767,Porto-Novo,300000
768,Sucre,300000
769,San José,288054
770,Ljubljana,284355
771,Sarajevo,275524
772,Nassau,274400
773,Bloemfontein,256185
774,Gaborone,231626
775,Paramaribo,223757
776,Dili,222323
777,Pristina,204725
778,Georgetown,200500
779,Malabo,187302
780,Brussels,185103
781,Male,133019
782,Podgorica,174515
783,Manama,157474
784,Port Louis,149194
785,New Delhi,142004
786,Bern,133798
787,Reykjavík,128793
788,Praia,127832
789,Luxembourg,122273
790,Sri Jayewardenepura Kotte,115826
791,Bridgetown,110000
792,Moroni,111329
793,Thimphu,104000
794,Mbabane,90138
795,Honiara,84520
796,Suva,88271
797,Castries,70000
798,São Tomé,56166
799,Port-Vila,51437
800,Bandar Seri Begawan,50000
801,Monaco,36371
802,Gitega,41944
803,Port of Spain,37074
804,Apia,37708
805,Vaduz,36281
806,Banjul,31356
807,Tarawa,28802
808,Victoria,26450
809,Majuro,25400
810,Kingstown,25418
811,Nuku‘alofa,24571
812,Saint John’s,21926
813,Andorra la Vella,22151
814,Belmopan,17222
815,Roseau,16582
816,Basseterre,13220
817,Pago Pago,12576
818,Valletta,6444
819,Palikir,6227
820,Funafuti,6025
821,Lobamba,5800
822,Saint George’s,4315
823,San Marino,4040
825,Capitol Hill,2500
826,Hagåtña,1051
828,Bareilly,1000000
829,Quảng Hà,1000000
830,Kitaku,997536
831,Jodhpur,995000
832,Xingcheng,993000
833,Dongtai,990306
834,Joinvile,988000
835,Yingcheng,986400
836,Dnipro,983836
837,Glasgow,985290
838,Chiba,980203
839,Danyang,980662
840,Natal,980588
841,Naples,972212
842,Zhaodong,980000
843,Xibeijie,977600
844,Kirkuk,975000
845,Huilong,972525
846,Tongjin,971327
847,Oklahoma City,972943
848,Toulouse,968638
849,Denizli,963464
850,Dispur,957352
851,Coimbatore,959823
852,Luocheng,959006
853,Guwāhāti,957352
854,Shima,956400
855,Sŏngnam,948757
856,Solāpur,951558
857,Tangier,947952
858,Anqiu,947723
859,Feicheng,946627
860,Taishan,941095
861,Meishan,936000
862,Kisangani,935977
863,Khartoum North,936349
864,Aguascalientes,934424
865,Marrakech,928850
866,Nada,932356
867,Donetsk,929063
868,Taihecun,930000
869,Wuchuan,927275
870,Trujillo,919899
871,Cebu City,922611
872,Taihe,924531
873,Olinda,921840
874,Bridgeport,924449
875,Trichinopoly,916857
876,Xin’an,920628
877,Padang,914970
878,Qingzhou,914047
879,Buffalo,914341
880,Xinyi,913708
881,Lichuan,913700
882,Daye,909724
883,Fort Worth,909585
884,Zhuanghe,905852
885,Hartford,905152
886,Ad Dammām,903312
887,Bucheon,867678
888,Lhasa,902500
889,Homs,900492
890,Jiaozhou,900500
891,Mérida,892363
892,Dengtalu,887000
893,Zaria,889000
894,Hubli,890000
895,Abeokuta,888924
896,Tucson,888486
897,Krasnodar,881476
898,Natal,877662
899,Novo Hamburgo,876990
900,Chihuahua,878062
901,Klang,878000
902,Turin,870952
903,Jos,873943
904,Laiyang,874127
905,Jalandhar,873725
906,Campo Grande,874210
907,Sale,850403
908,Barinas,873962
909,Marseille,870018
910,Kaifeng Chengguanzhen,872000
911,Eskişehir,871187
912,Gaomi,868715
913,Ipoh,866772
914,Hai’an,866337
915,Liverpool,864122
916,Zamboanga City,861799
917,Oran,852000
918,Southampton,855569
919,Weichanglu,859424
920,Pekanbaru,855221
921,Portsmouth,855679
922,Leping,852800
923,Erbil,852500
924,Kermānshāh,851405
925,Hailun,850000
926,Yangchun,849504
927,Macheng,849090
928,Ilorin,847582
929,Teresina,847430
930,Omaha,847819
931,Yuci,840000
932,Saratov,845300
933,Iguaçu,844583
934,El Paso,843386
935,Denpasar,834881
936,Dehui,839786
937,Naucalpan de Juárez,833779
938,Bhubaneshwar,837737
939,Tongchuan,835600
940,Cheongju,833276
941,Warri,830106
942,Pointe-Noire,829134
943,Rongjiawan,826000
944,San Luis Potosí,824229
945,Butterworth,821652
946,Bhayandar,814655
947,Renqiu,822455
948,Toluca,819561
949,Honolulu,820987
950,Querétaro,804663
951,Xindi,819446
952,Wu’an,819000
953,São Bernardo do Campo,816925
954,Hermosillo,812229
955,Wutong,815848
956,Taguig City,804915
957,Saltillo,807537
958,Gaoyou,811800
959,Hejian,810306
960,Yiyang,810447
961,Puxi,809535
962,Zijinglu,807857
963,Xiashi,806966
964,Trabzon,807903
965,João Pessoa,801718
966,Dongyang,804398
967,McAllen,804114
968,Valencia,794288
969,Qingping,797200
970,Niigata,796500
971,Hamamatsu,791770
972,Morelia,784776
973,Pasig City,755300
974,Morādābād,787000
975,Culiacán,785800
976,Xiangxiang,787216
977,Malang,780000
978,Xingyi,783120
979,Chaohucun,782000
980,Fuyang,771000
981,Antipolo,776386
982,Nottingham,768638
983,Cencheng,772113
984,Kraków,766739
985,Hempstead,768057
986,Erzurum,767848
987,Al ‘Ayn,766936
988,Songzi,765911
989,Laixi,762900
990,Zhongba,762140
991,Qingnian,760781
992,Albuquerque,761195
993,Kaduna,760084
994,Tlalnepantla,750224
995,Xinhualu,758079
996,Guangshui,755910
997,Frankfurt,753056
998,Samarinda,753370
999,Changhua,750000
1000,Pietermaritzburg,750845
1001,Hŭngnam,751322